Path,Type,Size Bytes,SHA256,Created UTC,Purpose
reports/CASE-001_base-wkstn-01_report.md,.md,30165,d4e7b43eecd0d8702bd5ffd186e7e81af6614190b33b8139053dddf45ed739bd,2026-06-04T21:20:58Z,Final markdown report
reports/CASE-001_base-wkstn-01_report.pdf,.pdf,110660,09f8a6c35ee0a1f0bd30571d14c4f6561e9da3409019422c6ad2c59d3d5455a3,2026-06-04T21:24:45Z,Final PDF report
analysis/mounts.csv,.csv,272,62ab95ffd6c943a64221ef86edd8560925be229d56b4a5f98a3c971d9be0e484,2026-06-04T21:12:29Z,Mount log
analysis/show_sysmon_chrome.py,.py,343,f721f6c2d95afe9e3f9b2d7acbdd89a8be0a3d3e1657a0c62e280e3b7cc943a3,2026-06-04T21:09:39Z,Helper script
analysis/sid_resolve.py,.py,446,ec29a9f4fd88bf14b4f22ec43dc4654cdb003845574507cdae4d4103b7046e48,2026-06-04T21:10:17Z,Helper script
analysis/make_pdf.py,.py,1880,6acfaf2a0489841833d472afca18085665812c81569052b0fa743b0e747276ef,2026-06-04T21:22:58Z,Helper script
analysis/make_manifest.py,.py,2075,dc48104d17dba9f510c62cddca438cd854a14cb6ae09ee69ca1aa230791a94ba,2026-06-04T21:25:13Z,Helper script
analysis/build_inventory.py,.py,1106,5fa183b8fb5992bee787233f03f5b06bfa12a31d4edf7fdbad39c9f0473a47e6,2026-06-04T21:12:29Z,Helper script
analysis/ioc_register.csv,.csv,3394,ee90db1bea2ca4ef28864a21671f2415695f24781a9ed68f80a75e3ee012f9d6,2026-06-04T21:08:19Z,IOC register
analysis/show_defender.py,.py,342,a9e3d0e4af31abc6aa59cf74b10d20f25de28945adca075787318009625e1a75,2026-06-04T21:09:39Z,Helper script
analysis/case_iocs.yar,.yar,2273,e9bd351af3f0d9660e070dfe52248208eace01c3b7944c3aa4154d712aa392a5,2026-06-04T21:06:14Z,Case-specific YARA rules
analysis/make_pdf2.py,.py,2729,be3ef40339dd0ad1f7842dd650963462dd5c3800adf4370ab74f108baf3d6bc6,2026-06-04T21:23:57Z,Helper script
analysis/filter_ps.py,.py,805,d028b5ba050db0986dde7431c5bf148313cebcb1bd64b203d97343e0cf8b6223,2026-06-04T21:09:39Z,Helper script
analysis/find_sid_logons.py,.py,640,07031523976471c96669ef9a9006f5f5e2c188b372181118f63b28bd02656508,2026-06-04T21:11:48Z,Helper script
analysis/find_sid1193.py,.py,1114,919e39cb8c00fad6f099cae9035606538f4ff2b70d1051f6c181eab80c72a048,2026-06-04T21:11:05Z,Helper script
analysis/filter_ps2.py,.py,1258,25c0d7b6b2dc6a1cca6131e86ca7b0a3fc200e99f7155e32daafbf78030f6d77,2026-06-04T21:10:38Z,Helper script
analysis/make_report.py,.py,30351,205e5b414d0f31c0d7f9c5cd8dfc29b6ab8f7c7112c9ceacc041f1a0b5aa4426,2026-06-04T21:20:58Z,Helper script
analysis/make_pdf3.py,.py,2929,592b9843ff1762d4c54a7f6aaf6d702bc4f31782d827301d80ccbba0107fe689,2026-06-04T21:24:42Z,Helper script
analysis/evidence_inventory.csv,.csv,408,ed545136b9e8096b570913ca78c53f2fd850fc8a007a1ab95ee1de7cab6bc003,2026-06-04T21:12:29Z,Evidence inventory
logs/20260604T210439Z_9873_stdout.log,.log,0,NOT_COMPUTED,2026-06-04T21:04:39Z,Command output
logs/20260604T210259Z_9443_stderr.log,.log,0,NOT_COMPUTED,2026-06-04T21:02:59Z,Command output
logs/20260604T205958Z_5337_stderr.log,.log,0,NOT_COMPUTED,2026-06-04T20:59:58Z,Command output
logs/20260604T211033Z_23728_stdout.log,.log,6684,ab72c8c26ce20d79fc7100b9f8dc5998110e27df51f870d0cabc2ac588df6f27,2026-06-04T21:10:33Z,Command output
logs/20260604T205628Z_22462_stdout.log,.log,0,NOT_COMPUTED,2026-06-04T20:56:28Z,Command output
logs/20260604T210018Z_1525_stderr.log,.log,71,3fc6535a7c44020db6634e6e20c1da35989249c1399b4b7b8702c30a3ae06ae2,2026-06-04T21:00:18Z,Command output
logs/20260604T205706Z_16328_stdout.log,.log,1421,762aee2d727b7b46b21719b7cc7d89bd3bd3b3fa814d31a105c6dc6c74782a7a,2026-06-04T20:57:06Z,Command output
logs/20260604T210301Z_19449_stdout.log,.log,290,91a9225eedfe583a5e4e0e6b53d97fcae986365b7122bbe5a992ffba9855494b,2026-06-04T21:03:09Z,Command output
logs/20260604T210334Z_1684_stdout.log,.log,5533,29f8612dedb026c9d3cdfffcf937166a6dd6e90ea98b9222b0d1cb8081a164eb,2026-06-04T21:03:46Z,Command output
logs/20260604T210939Z_20080_stdout.log,.log,36052,c8e7e3963607c186f36b6ffeaa609381a09356e8ec00158a7edeadbca8e1c852,2026-06-04T21:09:39Z,Command output
logs/20260604T210240Z_11585_stdout.log,.log,154,02fae4743e58464239cd20f09ebe1eda85862b51790a85f465cbddd3b8c51c3c,2026-06-04T21:02:40Z,Command output
logs/20260604T210113Z_3394_stdout.log,.log,209,dbec5e6278d7e49c8335c019a93323fc26e53788eb567c66032f2e962f855b33,2026-06-04T21:01:14Z,Command output
logs/20260604T205814Z_13779_stderr.log,.log,0,NOT_COMPUTED,2026-06-04T20:58:14Z,Command output
logs/20260604T212118Z_22142_stdout.log,.log,310,817ae97ae89f1a12019d97845cdb43a47d051f1ba7e485d85084831049c556b9,2026-06-04T21:21:18Z,Command output
logs/20260604T212110Z_9234_stdout.log,.log,0,NOT_COMPUTED,2026-06-04T21:21:10Z,Command output
logs/20260604T211230Z_3496_stdout.log,.log,4364,90198364d4ccf04c1ecdb66201c94833686d361b117a139b267869f2dfa3b687,2026-06-04T21:12:30Z,Command output
logs/20260604T205331Z_2829_stdout.log,.log,699,bd40db71a8082889227c32bccdf305c26039f18101cf5d3ba1c656b1bf996630,2026-06-04T20:53:31Z,Command output
logs/20260604T205955Z_2212_stderr.log,.log,0,NOT_COMPUTED,2026-06-04T20:59:55Z,Command output
logs/20260604T210734Z_21747_stderr.log,.log,36,2d8456a61807c5d9f672d9ba713551069867c94758a29b7e7aa6f843f5287f84,2026-06-04T21:07:34Z,Command output
logs/20260604T210111Z_17591_stderr.log,.log,0,NOT_COMPUTED,2026-06-04T21:01:11Z,Command output
logs/20260604T211105Z_15435_stdout.log,.log,8771,0b163cde1eceed81af75105565910aa1187ac64532a3b91ad5b8bdf20138ac21,2026-06-04T21:11:08Z,Command output
logs/20260604T205744Z_1484_stdout.log,.log,95,00c2c4f3a52587fb982b1240ed470331e3727cbeea572cb00e3a43a81a90eed3,2026-06-04T20:57:44Z,Command output
logs/20260604T211148Z_2569_stderr.log,.log,0,NOT_COMPUTED,2026-06-04T21:11:48Z,Command output
logs/20260604T210144Z_28280_stdout.log,.log,372,bbc15b408a751478c89431d8c87a0f76e4c0befd1ef81f041d0613eb857ed94a,2026-06-04T21:01:44Z,Command output
logs/20260604T210000Z_28129_stderr.log,.log,0,NOT_COMPUTED,2026-06-04T21:00:00Z,Command output
logs/20260604T210458Z_4329_stdout.log,.log,269,c1ca7c7b25cee9d60c8cc73fcf75a7871658b9264040dfd912fa3e816e063a2c,2026-06-04T21:04:58Z,Command output
logs/20260604T212058Z_25766_stderr.log,.log,0,NOT_COMPUTED,2026-06-04T21:20:58Z,Command output
logs/20260604T205815Z_26627_stderr.log,.log,0,NOT_COMPUTED,2026-06-04T20:58:15Z,Command output
logs/20260604T210312Z_27609_stdout.log,.log,290,a29fd1f88ab52195c9c89e382e9ee0424b155360f890c1729782a6064738b644,2026-06-04T21:03:12Z,Command output
logs/20260604T211126Z_26671_stdout.log,.log,12029,71c806e2770690482b3156f053be77d499d17279b4741d8778dc07fce0076537,2026-06-04T21:11:26Z,Command output
logs/20260604T210114Z_20570_stderr.log,.log,0,NOT_COMPUTED,2026-06-04T21:01:14Z,Command output
logs/20260604T210403Z_2336_stdout.log,.log,3448,560e79d9013528b58fcef15a7bee65296be9195afe70380f7318ed2cc8595f05,2026-06-04T21:04:03Z,Command output
logs/20260604T210501Z_18717_stderr.log,.log,0,NOT_COMPUTED,2026-06-04T21:05:01Z,Command output
logs/20260604T210105Z_29689_stdout.log,.log,164,2e16d5f8f35d1186fdfb25f3673a9771811abf055b83f467351612173212b0e6,2026-06-04T21:05:17Z,Command output
logs/20260604T210036Z_20859_stdout.log,.log,709,ac25d16f2209fb6233397cc9aa27dfec318294f5c23f17e6acf2b197cac8ff50,2026-06-04T21:00:50Z,Command output
logs/20260604T205836Z_20110_stdout.log,.log,1579,94f52f8dd87ef3f0edb441daa1c22af935bad140031158177a0dbfc0b159c0cb,2026-06-04T20:58:37Z,Command output
logs/command_ledger.csv,.csv,86995,30cf7a36723bd6bc4a707345808f318c5844faf0c56e5fc872e7aea8be734bca,2026-06-04T21:24:49Z,Master command ledger
logs/20260604T205618Z_4864_stdout.log,.log,189,74c0dac0051d86368a40c21a41ed1eeb3fe791ee178a66c5eb9185339e0f10ce,2026-06-04T20:56:18Z,Command output
logs/20260604T210625Z_17741_stderr.log,.log,0,NOT_COMPUTED,2026-06-04T21:06:25Z,Command output
logs/20260604T205719Z_21878_stdout.log,.log,0,NOT_COMPUTED,2026-06-04T20:57:19Z,Command output
logs/20260604T210657Z_28527_stdout.log,.log,117,88482d04ff919363500ef251d0437b5dfbb0414f4b6c0370c12ff85f6ba61ebe,2026-06-04T21:06:57Z,Command output
logs/20260604T210334Z_1684_stderr.log,.log,0,NOT_COMPUTED,2026-06-04T21:03:34Z,Command output
logs/20260604T212312Z_30641_stderr.log,.log,0,NOT_COMPUTED,2026-06-04T21:23:12Z,Command output
logs/20260604T205801Z_12538_stderr.log,.log,0,NOT_COMPUTED,2026-06-04T20:58:01Z,Command output
logs/20260604T210109Z_17807_stdout.log,.log,372,bbc15b408a751478c89431d8c87a0f76e4c0befd1ef81f041d0613eb857ed94a,2026-06-04T21:01:09Z,Command output
logs/20260604T205618Z_4864_stderr.log,.log,0,NOT_COMPUTED,2026-06-04T20:56:18Z,Command output
logs/20260604T212159Z_29129_stderr.log,.log,0,NOT_COMPUTED,2026-06-04T21:21:59Z,Command output
logs/20260604T210105Z_29689_stderr.log,.log,0,NOT_COMPUTED,2026-06-04T21:01:05Z,Command output
logs/20260604T205951Z_10135_stdout.log,.log,4,36103beaa76bddda3a1a03ffe13e29a1030635bc417d824bce35da4eda0550cb,2026-06-04T20:59:54Z,Command output
logs/20260604T212408Z_10857_stdout.log,.log,1862,c4b065e7ab51b910bae8c071049b653f5f9167d45a759b96b0eeb07369372bc0,2026-06-04T21:24:08Z,Command output
logs/20260604T205332Z_5305_stdout.log,.log,84,080bed0e8861a07a69fa8c128f16d3a6afa2e7f7a132aff382bce4d2dd451623,2026-06-04T20:53:32Z,Command output
logs/20260604T212312Z_30641_stdout.log,.log,5703,1ff75894804b9fe5cab0189c3b51cf42005b968ae2066ea8e4b6196d5eb0635b,2026-06-04T21:23:12Z,Command output
logs/20260604T205331Z_2829_stderr.log,.log,0,NOT_COMPUTED,2026-06-04T20:53:31Z,Command output
logs/20260604T205742Z_28851_stdout.log,.log,1412,f956e62146683c2fb865157c2607f2bb513a752ba7ce0a7c4f60909706a6a400,2026-06-04T20:57:42Z,Command output
logs/20260604T210819Z_16351_stderr.log,.log,0,NOT_COMPUTED,2026-06-04T21:08:19Z,Command output
logs/20260604T205743Z_27940_stderr.log,.log,0,NOT_COMPUTED,2026-06-04T20:57:43Z,Command output
logs/20260604T210646Z_542_stderr.log,.log,0,NOT_COMPUTED,2026-06-04T21:06:46Z,Command output
logs/20260604T210312Z_27609_stderr.log,.log,0,NOT_COMPUTED,2026-06-04T21:03:12Z,Command output
logs/20260604T212118Z_22142_stderr.log,.log,0,NOT_COMPUTED,2026-06-04T21:21:18Z,Command output
logs/20260604T205719Z_21878_stderr.log,.log,0,NOT_COMPUTED,2026-06-04T20:57:19Z,Command output
logs/20260604T205815Z_26627_stdout.log,.log,759,a299076e0134fc0e1978b071f4769e2eb5bbe70dc1ce6bda1b18753cd41baf45,2026-06-04T20:58:15Z,Command output
logs/20260604T205840Z_19864_stderr.log,.log,0,NOT_COMPUTED,2026-06-04T20:58:40Z,Command output
logs/20260604T210646Z_542_stdout.log,.log,80,7b764afcfc58747421012ffcef45faf63de998d8ad42e654f848a9220577dbb3,2026-06-04T21:06:46Z,Command output
logs/20260604T211038Z_22671_stdout.log,.log,2317,dba42382beae5bbd9157db8b6d6544d308642cbfc394c614996dc5ea699dbbc9,2026-06-04T21:10:38Z,Command output
logs/20260604T205816Z_23829_stderr.log,.log,0,NOT_COMPUTED,2026-06-04T20:58:16Z,Command output
logs/20260604T210208Z_4150_stderr.log,.log,0,NOT_COMPUTED,2026-06-04T21:02:08Z,Command output
logs/20260604T205955Z_2212_stdout.log,.log,678,48438261e5b9bbef7c8dc4ca34a83983d65b34bc9198c637df14ee92f5c0065e,2026-06-04T20:59:55Z,Command output
logs/20260604T211017Z_14734_stdout.log,.log,178,945aaf6968cc80328bfa2cf171b8516001d5bcbc945f88e8c8ac35d71527eb91,2026-06-04T21:10:17Z,Command output
logs/20260604T210627Z_6228_stderr.log,.log,0,NOT_COMPUTED,2026-06-04T21:06:27Z,Command output
logs/20260604T205352Z_25120_stderr.log,.log,0,NOT_COMPUTED,2026-06-04T20:53:52Z,Command output
logs/20260604T205352Z_25120_stdout.log,.log,723,859838cfc5922ef3c38c2cbe66edb284a9374cee8d11ca03b2240c9751c83271,2026-06-04T20:53:52Z,Command output
logs/20260604T210835Z_16065_stderr.log,.log,0,NOT_COMPUTED,2026-06-04T21:08:35Z,Command output
logs/20260604T212442Z_21752_stderr.log,.log,0,NOT_COMPUTED,2026-06-04T21:24:42Z,Command output
logs/20260604T210018Z_1525_stdout.log,.log,0,NOT_COMPUTED,2026-06-04T21:00:18Z,Command output
logs/20260604T212159Z_29129_stdout.log,.log,4179,8619656847f17dfb1902af20bfb29d5a26f59847760bc76ab113106bacc48d3a,2026-06-04T21:21:59Z,Command output
logs/20260604T210709Z_16266_stdout.log,.log,0,NOT_COMPUTED,2026-06-04T21:07:09Z,Command output
logs/20260604T210330Z_3866_stderr.log,.log,0,NOT_COMPUTED,2026-06-04T21:03:30Z,Command output
logs/20260604T210132Z_20776_stdout.log,.log,35,7d560859c213a66a2304f5e96047f708bf1eb5e558c66c424d6ae73add53c302,2026-06-04T21:01:32Z,Command output
logs/20260604T205800Z_16445_stdout.log,.log,0,NOT_COMPUTED,2026-06-04T20:58:00Z,Command output
logs/20260604T211148Z_2569_stdout.log,.log,511,08a88758a4a6e303022fa20665dbed68acc7d2fc094193e3f5b84fc18aeeb55f,2026-06-04T21:11:50Z,Command output
logs/20260604T210439Z_9873_stderr.log,.log,47,9e34ab06b7fc2751957054943f3cf428a4ca6f523c36cd684c20709378bf19bd,2026-06-04T21:04:39Z,Command output
logs/20260604T210330Z_3866_stdout.log,.log,524,fc6ff1a97c69cbba432a66b331322169bb1f9d55f70e4299801b04561c2a2f75,2026-06-04T21:03:30Z,Command output
logs/20260604T212449Z_8043_stdout.log,.log,85,c26562798e088a4fb6cab361776338f9fbe5cfeb134b913e211ed165cb8ae832,2026-06-04T21:24:49Z,Command output
logs/20260604T205800Z_16445_stderr.log,.log,0,NOT_COMPUTED,2026-06-04T20:58:00Z,Command output
logs/20260604T205743Z_27940_stdout.log,.log,747,452af14f41d7f5ac9f40646e6663cacb7ce3b53297f50342f96987f43f4c56ad,2026-06-04T20:57:43Z,Command output
logs/20260604T212153Z_3668_stdout.log,.log,2420,2d565f12a39e404be0c59fd061919ef1cff07b50fdecfe0462755c80eb307a13,2026-06-04T21:21:53Z,Command output
logs/20260604T210101Z_29055_stderr.log,.log,0,NOT_COMPUTED,2026-06-04T21:01:01Z,Command output
logs/20260604T210218Z_3130_stdout.log,.log,1367,d0462b7eed6b4fb8c751cdd6251235385044043576e417fd8c9e4fffbdec3286,2026-06-04T21:02:21Z,Command output
logs/20260604T210614Z_17606_stdout.log,.log,84,871c7419c71296452afcc42ac347ef3b05462a3146c07455960b449eac93427f,2026-06-04T21:06:14Z,Command output
logs/20260604T210627Z_6228_stdout.log,.log,801,f6e392f035546db1c7c1879ac2d9fdd16c74c3f8bbe41d943626b64a4f5909dc,2026-06-04T21:06:27Z,Command output
logs/20260604T205838Z_10853_stdout.log,.log,2142,91f143204bdb099062c402091a2c27d03c7a338ee1bc99f4ebbcfbd595f75c72,2026-06-04T20:58:38Z,Command output
logs/20260604T210109Z_17807_stderr.log,.log,0,NOT_COMPUTED,2026-06-04T21:01:09Z,Command output
logs/20260604T212153Z_3668_stderr.log,.log,0,NOT_COMPUTED,2026-06-04T21:21:53Z,Command output
logs/20260604T210000Z_28129_stdout.log,.log,18,f9aeed38eafb3fa62f13db2f4ef926f616c350f2604bcaf2c899a476d3622159,2026-06-04T21:00:01Z,Command output
logs/20260604T205628Z_22462_stderr.log,.log,0,NOT_COMPUTED,2026-06-04T20:56:28Z,Command output
logs/20260604T212357Z_24013_stdout.log,.log,57,063635e4ee67ad4939038d97e1e9fd83ae89f1fd25ff4aa9143b803dc074f1a9,2026-06-04T21:24:00Z,Command output
logs/20260604T212058Z_25766_stdout.log,.log,64,c0e94548719ca45e0aa649c24b1f7de52f67c2c433b087c54d2addb91c50b456,2026-06-04T21:20:58Z,Command output
logs/20260604T212449Z_8043_stderr.log,.log,0,NOT_COMPUTED,2026-06-04T21:24:49Z,Command output
logs/20260604T210158Z_15419_stdout.log,.log,301,13433a0d7fbd66c65ebb82d47b0f4844f4778d9c7e5d84f5540d01b0a0ed1abd,2026-06-04T21:01:58Z,Command output
logs/20260604T210132Z_20776_stderr.log,.log,0,NOT_COMPUTED,2026-06-04T21:01:32Z,Command output
logs/20260604T212513Z_11944_stderr.log,.log,0,NOT_COMPUTED,2026-06-04T21:25:13Z,Command output
logs/20260604T205853Z_18872_stdout.log,.log,12435,0c4665317498d6008717721092433ca9267706edfd83a12674f3c2b22fc22f37,2026-06-04T20:58:53Z,Command output
logs/20260604T212442Z_21752_stdout.log,.log,57,063635e4ee67ad4939038d97e1e9fd83ae89f1fd25ff4aa9143b803dc074f1a9,2026-06-04T21:24:45Z,Command output
logs/20260604T211229Z_10847_stderr.log,.log,0,NOT_COMPUTED,2026-06-04T21:12:29Z,Command output
logs/20260604T211126Z_26671_stderr.log,.log,0,NOT_COMPUTED,2026-06-04T21:11:26Z,Command output
logs/20260604T210118Z_26909_stdout.log,.log,0,NOT_COMPUTED,2026-06-04T21:01:18Z,Command output
logs/20260604T205836Z_20110_stderr.log,.log,0,NOT_COMPUTED,2026-06-04T20:58:36Z,Command output
logs/20260604T205628Z_29850_stdout.log,.log,0,NOT_COMPUTED,2026-06-04T20:56:28Z,Command output
logs/20260604T205418Z_15768_stderr.log,.log,0,NOT_COMPUTED,2026-06-04T20:54:18Z,Command output
logs/20260604T210256Z_18125_stderr.log,.log,0,NOT_COMPUTED,2026-06-04T21:02:56Z,Command output
logs/20260604T205730Z_12208_stdout.log,.log,0,NOT_COMPUTED,2026-06-04T20:57:30Z,Command output
logs/20260604T210111Z_17591_stdout.log,.log,530,d0741c7f639bc5b8886fd695b54cb4659f142d6bc49f52f97430eec2ecbeac03,2026-06-04T21:01:12Z,Command output
logs/20260604T212227Z_25244_stdout.log,.log,159,7b979289347f1c3ffc7bf6140633d0c58bd9939c708e31a78a17d030104a63ea,2026-06-04T21:22:27Z,Command output
logs/20260604T212258Z_11447_stdout.log,.log,85,9792df534c9d1be8beeb9573de3a7559e70e7a5ab9c34706ab9ec46902912b53,2026-06-04T21:23:02Z,Command output
logs/20260604T205402Z_24170_stderr.log,.log,0,NOT_COMPUTED,2026-06-04T20:54:02Z,Command output
logs/20260604T205951Z_10135_stderr.log,.log,0,NOT_COMPUTED,2026-06-04T20:59:51Z,Command output
logs/20260604T210614Z_17606_stderr.log,.log,0,NOT_COMPUTED,2026-06-04T21:06:14Z,Command output
logs/20260604T205730Z_12208_stderr.log,.log,0,NOT_COMPUTED,2026-06-04T20:57:30Z,Command output
logs/20260604T210240Z_11585_stderr.log,.log,0,NOT_COMPUTED,2026-06-04T21:02:40Z,Command output
logs/20260604T211017Z_14734_stderr.log,.log,0,NOT_COMPUTED,2026-06-04T21:10:17Z,Command output
logs/20260604T205933Z_21809_stdout.log,.log,8389,4704d857801336499a2d697afa4cf554a945fee218514cc8fbcdf0025df6317a,2026-06-04T20:59:33Z,Command output
logs/20260604T210501Z_18717_stdout.log,.log,7068,4cd2c146c7c5e6a36d00843680c90200d15854ecaac9c3399fb27cbd722c4df0,2026-06-04T21:05:01Z,Command output
logs/20260604T211038Z_22671_stderr.log,.log,0,NOT_COMPUTED,2026-06-04T21:10:38Z,Command output
logs/20260604T205744Z_1484_stderr.log,.log,0,NOT_COMPUTED,2026-06-04T20:57:44Z,Command output
logs/20260604T205332Z_5305_stderr.log,.log,0,NOT_COMPUTED,2026-06-04T20:53:32Z,Command output
logs/20260604T210103Z_29707_stderr.log,.log,0,NOT_COMPUTED,2026-06-04T21:01:03Z,Command output
logs/20260604T205958Z_5337_stdout.log,.log,619,1ea799ff6a84a571c5172b4f3aece3cab0650e53cf2a993a87fd23f29d8ebabc,2026-06-04T20:59:58Z,Command output
logs/20260604T205742Z_28851_stderr.log,.log,0,NOT_COMPUTED,2026-06-04T20:57:42Z,Command output
logs/20260604T205814Z_13779_stdout.log,.log,1380,583e96f8bf5e8b4bf6cbf8d3c193c2be52dcac78aff0ef53721c8b6c45b8d7e6,2026-06-04T20:58:14Z,Command output
logs/20260604T205628Z_29850_stderr.log,.log,0,NOT_COMPUTED,2026-06-04T20:56:28Z,Command output
logs/20260604T205909Z_12853_stderr.log,.log,0,NOT_COMPUTED,2026-06-04T20:59:09Z,Command output
logs/20260604T210914Z_17180_stderr.log,.log,288,b1a20e9088e00919bb0ed0773bf753c9d8235d282e283f64ff8f31f837a7d1a6,2026-06-04T21:09:14Z,Command output
logs/20260604T210819Z_16351_stdout.log,.log,18,6345e79ac247cf120bbfcb1237116b977dbd7df5ed46f57eba7a7f8c00c7a6ab,2026-06-04T21:08:19Z,Command output
logs/20260604T210103Z_29707_stdout.log,.log,290,a29fd1f88ab52195c9c89e382e9ee0424b155360f890c1729782a6064738b644,2026-06-04T21:01:04Z,Command output
logs/20260604T211229Z_10847_stdout.log,.log,46,fa2f17fc990461657f18ae2d9e09c0c0d0047f45cc195b597af4c4274ac2b17c,2026-06-04T21:12:29Z,Command output
logs/20260604T212142Z_6181_stderr.log,.log,1277,1f089e19f7ced444216cb8509a072ac1dee40100785bce168292b49104cc22df,2026-06-04T21:21:45Z,Command output
logs/20260604T210114Z_20570_stdout.log,.log,375,cc399861f35055b3f1ac47fea212068567d57e303e3caab4bbe7af66143a74c9,2026-06-04T21:01:15Z,Command output
logs/20260604T210208Z_4150_stdout.log,.log,771,c963bc3fdf09b3b42450009253958179a082562db2c24899a3efaac891669c7d,2026-06-04T21:02:08Z,Command output
logs/20260604T210426Z_5492_stdout.log,.log,0,NOT_COMPUTED,2026-06-04T21:04:26Z,Command output
logs/20260604T211033Z_23728_stderr.log,.log,0,NOT_COMPUTED,2026-06-04T21:10:33Z,Command output
logs/20260604T205418Z_15768_stdout.log,.log,7248,18efe22d9763a68129f398090c95d92c6f1fe3e867eceae79368eb70f173be1d,2026-06-04T20:56:48Z,Command output
logs/20260604T212142Z_6181_stdout.log,.log,0,NOT_COMPUTED,2026-06-04T21:21:42Z,Command output
logs/20260604T210657Z_28527_stderr.log,.log,0,NOT_COMPUTED,2026-06-04T21:06:57Z,Command output
logs/20260604T211230Z_3496_stderr.log,.log,0,NOT_COMPUTED,2026-06-04T21:12:30Z,Command output
logs/20260604T210558Z_3671_stdout.log,.log,0,NOT_COMPUTED,2026-06-04T21:05:58Z,Command output
logs/20260604T205402Z_24170_stdout.log,.log,1446,e4d90233d278750a9b5ce91c22ef043eed44704ea6a408edf12b2ff5e304f17e,2026-06-04T20:54:02Z,Command output
logs/20260604T210939Z_20080_stderr.log,.log,0,NOT_COMPUTED,2026-06-04T21:09:39Z,Command output
logs/20260604T205909Z_12853_stdout.log,.log,23619,38010d1ce485aa620f59d7d165baa29ba06d2853210744df357d346a6480a0d5,2026-06-04T20:59:09Z,Command output
logs/20260604T210458Z_4329_stderr.log,.log,0,NOT_COMPUTED,2026-06-04T21:04:58Z,Command output
logs/20260604T205840Z_19864_stdout.log,.log,552,bd8d54571a884f7c2271439008f88237bf2e487596fff26e4dd8cb5fc0b9ab66,2026-06-04T20:58:40Z,Command output
logs/20260604T210406Z_8954_stderr.log,.log,0,NOT_COMPUTED,2026-06-04T21:04:06Z,Command output
logs/20260604T210315Z_31492_stderr.log,.log,0,NOT_COMPUTED,2026-06-04T21:03:15Z,Command output
logs/20260604T210101Z_29055_stdout.log,.log,235,8338c5f2840734dc8b81afc0c39b8d0caa72d8acb3a2b24c2223d5051998fe9d,2026-06-04T21:01:01Z,Command output
logs/20260604T211727Z_17692_stdout.log,.log,13,76eb5764718f0c0db89e2236678a44a0cad3025ba074af52b6bdad7ef3bdb820,2026-06-04T21:17:27Z,Command output
logs/20260604T210558Z_3671_stderr.log,.log,0,NOT_COMPUTED,2026-06-04T21:05:58Z,Command output
logs/20260604T210119Z_10943_stderr.log,.log,0,NOT_COMPUTED,2026-06-04T21:01:19Z,Command output
logs/20260604T205801Z_12538_stdout.log,.log,3955,b4133411dce58a20de675e18fc77204c4a89f3abdb92ec4121e82396738fd9ce,2026-06-04T20:58:01Z,Command output
logs/20260604T210036Z_20859_stderr.log,.log,0,NOT_COMPUTED,2026-06-04T21:00:36Z,Command output
logs/20260604T212110Z_9234_stderr.log,.log,123,fa26628a44d8e6775db758e014c4cf8bfa3916f9faf987c99f2c9f6e7a58f3f1,2026-06-04T21:21:10Z,Command output
logs/20260604T211727Z_17692_stderr.log,.log,0,NOT_COMPUTED,2026-06-04T21:17:27Z,Command output
logs/20260604T210406Z_8954_stdout.log,.log,9219,c7997bdb319a18101e072a5e9ade00c3a2d1f8d3c8db2c2c6325065b5ecd6fb5,2026-06-04T21:04:06Z,Command output
logs/20260604T210113Z_3394_stderr.log,.log,0,NOT_COMPUTED,2026-06-04T21:01:13Z,Command output
logs/20260604T210709Z_16266_stderr.log,.log,0,NOT_COMPUTED,2026-06-04T21:07:09Z,Command output
logs/20260604T210259Z_9443_stdout.log,.log,1374,e94fcc0b36d63ff6e0e8b15f23f7004f937f9938af7315f7edcb352f04d072b8,2026-06-04T21:03:14Z,Command output
logs/20260604T210144Z_28280_stderr.log,.log,0,NOT_COMPUTED,2026-06-04T21:01:44Z,Command output
logs/20260604T210118Z_26909_stderr.log,.log,0,NOT_COMPUTED,2026-06-04T21:01:18Z,Command output
logs/20260604T212202Z_26662_stderr.log,.log,0,NOT_COMPUTED,2026-06-04T21:22:02Z,Command output
logs/20260604T210119Z_10943_stdout.log,.log,0,NOT_COMPUTED,2026-06-04T21:01:19Z,Command output
logs/20260604T205652Z_8159_stdout.log,.log,19,cd506534cc7aa757786c8a4b4c66098d25294985dd0dae59007b4eb2ab2e6117,2026-06-04T20:56:52Z,Command output
logs/20260604T212258Z_11447_stderr.log,.log,0,NOT_COMPUTED,2026-06-04T21:22:58Z,Command output
logs/20260604T211105Z_15435_stderr.log,.log,0,NOT_COMPUTED,2026-06-04T21:11:05Z,Command output
logs/20260604T212227Z_25244_stderr.log,.log,0,NOT_COMPUTED,2026-06-04T21:22:27Z,Command output
logs/20260604T205816Z_23829_stdout.log,.log,419,53381affc0489aa0106407e93d4725b36ed1d8b299dfd4db45393db1b618e2dc,2026-06-04T20:58:16Z,Command output
logs/20260604T210232Z_13298_stderr.log,.log,0,NOT_COMPUTED,2026-06-04T21:02:32Z,Command output
logs/20260604T210630Z_5923_stdout.log,.log,805,92f7e1552ef079ab3cb827b6b3f6bce5adf2cdf66ed6421b14273aebaf4ed119,2026-06-04T21:06:30Z,Command output
logs/20260604T210403Z_2336_stderr.log,.log,0,NOT_COMPUTED,2026-06-04T21:04:03Z,Command output
logs/20260604T210256Z_18125_stdout.log,.log,230,41a6661e84d1486c716384fe88f5a60a6f092d97e1f32c5483624a9926407624,2026-06-04T21:02:56Z,Command output
logs/20260604T205706Z_16328_stderr.log,.log,0,NOT_COMPUTED,2026-06-04T20:57:06Z,Command output
logs/20260604T210426Z_5492_stderr.log,.log,0,NOT_COMPUTED,2026-06-04T21:04:26Z,Command output
logs/20260604T210232Z_13298_stdout.log,.log,289,e7f2567433cf762602d4a2e6dbe8b9536e462a2caa98756a519c5bb20666c58f,2026-06-04T21:02:32Z,Command output
logs/20260604T210315Z_31492_stdout.log,.log,7286,a032dd1781c762d7f7349ab3842f0ef8b0b4fd06e34ff9424be9bf6084d17109,2026-06-04T21:03:17Z,Command output
logs/20260604T210734Z_21747_stdout.log,.log,0,NOT_COMPUTED,2026-06-04T21:07:34Z,Command output
logs/20260604T205853Z_18872_stderr.log,.log,0,NOT_COMPUTED,2026-06-04T20:58:53Z,Command output
logs/20260604T210301Z_19449_stderr.log,.log,0,NOT_COMPUTED,2026-06-04T21:03:01Z,Command output
logs/20260604T212408Z_10857_stderr.log,.log,0,NOT_COMPUTED,2026-06-04T21:24:08Z,Command output
logs/20260604T210625Z_17741_stdout.log,.log,41,37c65da39f4868a540ef9d70740f6be4bcee57017c91f8a406bb3880fcdfd983,2026-06-04T21:06:25Z,Command output
logs/20260604T210218Z_3130_stderr.log,.log,0,NOT_COMPUTED,2026-06-04T21:02:18Z,Command output
logs/20260604T212202Z_26662_stdout.log,.log,72,61181bcb59240dda074c7fee68b4260777b7ac117734615ecd21d61dd7d85a6d,2026-06-04T21:22:02Z,Command output
logs/20260604T210158Z_15419_stderr.log,.log,71,0c10b82377d4ebc86f3fb090243c623b036f8456465786e8bef315f17d0921d7,2026-06-04T21:01:58Z,Command output
logs/20260604T205933Z_21809_stderr.log,.log,0,NOT_COMPUTED,2026-06-04T20:59:33Z,Command output
logs/20260604T205652Z_8159_stderr.log,.log,129,0f83f8184cf2041cd0bb9dd11061e7ac66e455f7a108ab722c6c5e20591161ce,2026-06-04T20:56:52Z,Command output
logs/20260604T205838Z_10853_stderr.log,.log,0,NOT_COMPUTED,2026-06-04T20:58:38Z,Command output
logs/20260604T210630Z_5923_stderr.log,.log,0,NOT_COMPUTED,2026-06-04T21:06:30Z,Command output
logs/20260604T210914Z_17180_stdout.log,.log,0,NOT_COMPUTED,2026-06-04T21:09:14Z,Command output
logs/20260604T212513Z_11944_stdout.log,.log,0,NOT_COMPUTED,2026-06-04T21:25:13Z,Command output
logs/20260604T210835Z_16065_stdout.log,.log,1927,3e5338f8337742b3a864cc10f9f31bbf6962c87492848ecca02f2bd05e6cad31,2026-06-04T21:08:58Z,Command output
logs/20260604T212357Z_24013_stderr.log,.log,0,NOT_COMPUTED,2026-06-04T21:23:57Z,Command output
